,,,,,,,,,,,,,,,
,□ 6Frame 기준 ELP data,,,,,,,,,,,,,,
,,,,,,,,,,,,,,,
,Table,seq,frame_lv1,frame_lv2,frame_lv3,variable_name,variable_label,variable_description,data_type,input_type,allowed_values,AI_gen_fl,AI_q_a_fl,essay_q_a_fl,Others
,AI_Q_A,1,역량,역량 지표,전략적 사고력,ai_interview_q01,인터뷰 Q01 (전략적 사고력),"5G KPI 재설계, 위치기반 광고 사업 설계, 글로벌 Hub-Spoke 구조 재편 등 복합 구조를 이중·삼중으로 설계하는 사고 방식을 보여주셨습니다. 그 전략 설계 중 가장 어려웠던 트레이드오프는 무엇이었습니까?",text,text_long,,,Y,Y,"{""question_id"": ""Q01"", ""part"": ""Part 1 · 역량 지표"", ""question_type"": ""맞춤"", ""source_ref"": ""에세이 역량 지표 · 전략적 사고력"", ""answer_text"": ""가장 힘들었던 건 5G 수익 구조 설계 때였습니다. 당시 상황이 전형적인 수익성 대 성장성 충돌이었어요. 5G 가입자를 빠르게 늘리면 설비투자 대비 ARPU가 낮아져서 수익성이 악화되고, 반대로 고수익 서비스 믹스를 추구하면 가입자 성장 속도가 느려져서 시장 점유율을 경쟁사에 뺏길 수 있었습니다. 이사회는 가입자 수를 보고 싶어 했고, 저는 EBITDA 마진을 보고 싶었는데 그 둘이 단기적으로는 반대 방향을 가리키고 있었습니다."", ""probing_questions"": [""수익성과 성장성이 충돌하는 상황이었군요. 그 둘 사이에서 어떤 기준과 순서로 풀어내셨는지 좀 더 구체적으로 말씀해 주시겠습니까?""], ""probing_answers"": [""저는 결국 시간 축으로 분리하는 방식을 택했습니다. 12개월 안에는 가입자 기반을 확보하되, 가입자 구조 자체를 처음부터 고수익 번들로 유도하는 것이었습니다. 단순히 가입자를 늘리는 게 아니라, 번들에 들어오는 가입자만 집중적으로 키우는 거였죠. 그러면 가입자 수와 수익성이 동시에 올라갈 수 있는 구조가 됩니다. 이사회를 설득할 때도 단일 KPI 대신 '번들 가입자 비율'이라는 새 지표를 제안해서 두 목표를 하나의 수치로 묶었습니다. 지금 돌아봐도 그 방향은 옳았다고 생각합니다.""], ""tagged_variables"": [""V01""]}"
,AI_Q_A,2,역량,역량 지표,실행력,ai_interview_q02,인터뷰 Q02 (실행력),"5G 수익 구조 전환, AI Agent 전사 도입, JV 위기 수습을 제한된 시간과 자원 안에서 실제로 완수한 실행 이력을 말씀해주셨습니다. 그 실행 중 가장 큰 병목은 어디였고 어떻게 뚫으셨습니까?",text,text_long,,,Y,Y,"{""question_id"": ""Q02"", ""part"": ""Part 1 · 역량 지표"", ""question_type"": ""맞춤"", ""source_ref"": ""에세이 역량 지표 · 실행력"", ""answer_text"": ""AI Agent 전사 도입 때가 가장 심각한 병목이었습니다. 기술적 문제가 아니라 사람 문제였어요. 임원 보고서를 AI가 초안을 잡는다는 게 알려지자, 보고서를 작성하던 팀들이 '내 역할이 없어지는 건가'라는 불안을 느끼기 시작했습니다. 실제로 파일럿 3개월째에 특정 팀에서 AI 도구 사용을 의도적으로 느리게 진행하고 있다는 보고가 올라왔습니다."", ""probing_questions"": [""그 병목을 구체적으로 어떻게 뚫으셨습니까?""], ""probing_answers"": [""두 가지를 했습니다. 하나는 AI 도입으로 가장 많은 시간을 돌려받은 구성원의 사례를 직접 찾아서 전사에 공유했습니다. '이 팀은 주간 보고 준비 시간이 16시간에서 4시간으로 줄었고, 그 시간을 고객 분석에 썼다'는 식으로요. 다른 하나는 AI가 대체하는 게 아니라 보좌한다는 메시지를 반복했는데, 말만 한 게 아니라 저 자신도 AI 초안을 공개적으로 쓰고 '수정했다'는 과정을 팀에 보여줬습니다. 리더가 직접 쓰는 걸 보여주는 게 가장 빠른 설득이었습니다.""], ""tagged_variables"": [""V02""]}"
,AI_Q_A,3,역량,역량 지표,종합적 기획력,ai_interview_q03,인터뷰 Q03 (종합적 기획력),"M&A 수직 통합 수익 모델, 5G 번들 설계, 글로벌 JV 시나리오 플랜까지 사업과 조직을 입체적으로 기획한 역량을 강조하셨습니다. 지금 관점에서 그 기획 중 가장 보완했어야 할 부분은 무엇입니까?",text,text_long,,,Y,Y,"{""question_id"": ""Q03"", ""part"": ""Part 1 · 역량 지표"", ""question_type"": ""맞춤"", ""source_ref"": ""에세이 역량 지표 · 종합적 기획력"", ""answer_text"": ""솔직히 말씀드리면 멜론 M&A 기획이 가장 아쉽습니다. 수익 모델 자체는 잘 설계했다고 생각하는데, 인수 후 통합 속도를 너무 낙관적으로 봤습니다. 음원 플랫폼과 통신사는 조직 문화가 근본적으로 달랐는데, 그 문화 충돌의 영향이 얼마나 길게 갈지 충분히 반영하지 않았습니다. 구체적으로는 크리에이티브 인재 이탈 방지를 계약서로는 했는데, 일하는 방식의 차이를 줄이는 통합 프로그램이 없었어요."", ""probing_questions"": [""그 보완점을 이후 다른 기획에는 어떻게 반영하셨습니까?""], ""probing_answers"": [""베트남 법인 재편할 때부터 반영했습니다. JV 시나리오를 짤 때 재무 수치 외에 '운영 통합 난이도'를 별도 항목으로 평가하는 방식을 넣었습니다. 각 시나리오마다 통합에 걸리는 시간과 내부 마찰 비용을 추정해서 NPV에 반영하는 식으로요. 이게 이후 글로벌 Hub-Spoke 재편할 때도 그대로 쓰였습니다.""], ""tagged_variables"": [""V03""]}"
,AI_Q_A,4,역량,역량 지표,Learning Agility,ai_interview_q04,인터뷰 Q04 (Learning Agility),"통신 부가서비스에서 모바일 광고, AI 전환으로 이어지는 도메인 전환과 실패 경험에서 규율을 도출하는 학습 패턴을 보여주셨습니다. 최근 1년 가장 크게 바꾼 본인의 의사결정 방식은 무엇입니까?",text,text_long,,,Y,Y,"{""question_id"": ""Q04"", ""part"": ""Part 1 · 역량 지표"", ""question_type"": ""맞춤"", ""source_ref"": ""에세이 역량 지표 · Learning Agility"", ""answer_text"": ""'빠른 결정'에서 '빠른 실험'으로 바꾼 것입니다. 예전에는 충분히 분석하고 나서 결정을 내리는 방식이었는데, AI 전환 과정에서 분석보다 실험이 더 빠른 학습을 준다는 걸 체감했습니다. 지금은 어떤 아이디어가 오면 '이걸 3주 안에 파일럿으로 검증할 수 있는가'를 먼저 묻습니다. 분석을 줄인 게 아니라 실험을 분석보다 앞으로 당긴 거예요."", ""probing_questions"": [""그 변화의 계기가 외부 압력 때문이었습니까, 아니면 내부 성찰에서 온 것입니까?""], ""probing_answers"": [""반은 외부 압력이었습니다. GPT-4가 나왔을 때 경쟁사가 이미 파일럿을 시작했고, 저는 여전히 전략 기획서를 쓰고 있었거든요. '내가 분석하는 사이 세상이 이미 결론을 내고 있다'는 위기감이 들었습니다. 그게 계기였는데, 그 이후 실제로 실험 우선 방식으로 결과가 좋아지면서 내부 신념으로 굳어진 것 같습니다.""], ""tagged_variables"": [""V04""]}"
,AI_Q_A,5,역량,역량 지표,Resilience,ai_interview_q05,인터뷰 Q05 (Resilience),베트남 법인 위기 72시간 내 시나리오 수립과 정상화 과정에서 좌절을 실행으로 전환하는 회복 패턴을 언급해주셨습니다. 그 위기 당시 본인 내면에서 가장 크게 싸운 것은 무엇이었습니까?,text,text_long,,,Y,Y,"{""question_id"": ""Q05"", ""part"": ""Part 1 · 역량 지표"", ""question_type"": ""맞춤"", ""source_ref"": ""에세이 역량 지표 · Resilience"", ""answer_text"": ""자책과 실행 사이였습니다. 현지 파트너 리스크를 내가 왜 못 봤나 하는 자책이 계속 올라오는데, 동시에 지금 당장 뭔가를 해야 한다는 압박이 있었습니다. 그 두 가지가 동시에 머릿속에서 돌아가면서 어느 쪽에도 집중을 못 하는 시간이 첫 24시간이었어요. 돌파구가 된 건 오히려 단순한 원칙이었습니다. '과거는 나중에 복기하고, 지금 할 수 있는 것만 목록에 적자.' 그렇게 72시간 안에 세 가지 시나리오를 만들었습니다."", ""probing_questions"": [""그 갈등을 실행으로 전환한 이후에 감정적인 처리는 언제 하셨습니까?""], ""probing_answers"": [""위기가 일단 수습된 후, 베트남에서 서울로 돌아오는 비행기에서 혼자 전체를 써내려 갔습니다. 무엇이 잘못됐는지, 내가 어떤 신호를 무시했는지. 그게 제 방식의 복기입니다. 감정을 억누른 게 아니라, 실행 중엔 실행에 집중하고 마무리된 뒤에 정리한다는 순서였습니다.""], ""tagged_variables"": [""V05""]}"
,AI_Q_A,6,역량,역량 지표,Globality,ai_interview_q06,인터뷰 Q06 (Globality),"베트남 법인장, 동남아 벤처 투자, 글로벌 허브 재편을 통해 실제 해외 현장 경험과 현지 정부·파트너 관계 구축 역량을 강조하셨습니다. 동남아 시장에서 가장 예상과 달랐던 현지화의 포인트는 무엇이었습니까?",text,text_long,,,Y,Y,"{""question_id"": ""Q06"", ""part"": ""Part 1 · 역량 지표"", ""question_type"": ""맞춤"", ""source_ref"": ""에세이 역량 지표 · Globality"", ""answer_text"": ""현지 정부와의 관계가 생각보다 훨씬 더 중요했습니다. 한국에서는 규제 당국이 법적 테두리를 설정하면 그 안에서 사업을 하는 구조인데, 베트남에서는 공식 계약보다 정부 담당자와 쌓은 비공식 신뢰가 실제 사업 진행 속도를 좌우했습니다. JV 위기 때도 법적으로는 콜옵션을 행사해야 하는 상황이었지만, 통신부 국장과 직접 만나 서로의 이해관계를 조율함으로써 법적 행사 없이 구조를 바꿀 수 있었습니다."", ""probing_questions"": [""그 신뢰 관계를 쌓는 데 실질적으로 얼마나 걸렸고, 어떤 계기로 관계가 전환됐습니까?""], ""probing_answers"": [""처음 부임하고 나서 6개월은 거의 성과가 없었습니다. 공식 미팅은 하는데 형식적이었어요. 전환점은 현지 정부가 주관하는 통신 기술 세미나에 초청받았을 때입니다. 저는 한국의 LTE 전환 실패 사례를 솔직하게 공유했습니다. 성공 사례가 아니라 실패 사례를 먼저 꺼낸 거죠. 그 이후로 담당자들이 저를 다르게 보기 시작했습니다. '이 사람은 포장하지 않는다'는 신뢰가 생긴 것 같았습니다.""], ""tagged_variables"": [""V06""]}"
,AI_Q_A,7,역량,역량 지표,Humility,ai_interview_q07,인터뷰 Q07 (Humility),"베트남 위기의 원인을 본인 판단 오류로 명확히 귀인하고, 속도에 대한 조급함을 리더십 리스크로 직접 명명하셨습니다. 최근 구성원으로부터 받은 피드백 중 가장 받아들이기 어려웠던 것은 무엇입니까?",text,text_long,,,Y,Y,"{""question_id"": ""Q07"", ""part"": ""Part 1 · 역량 지표"", ""question_type"": ""맞춤"", ""source_ref"": ""에세이 역량 지표 · Humility"", ""answer_text"": ""디지털이노베이션센터 운영할 때 한 팀장에게 받은 피드백이었습니다. \""부사장님은 좋은 아이디어를 주시는데, 그 아이디어를 실행하는 속도로 우리가 쫓아갈 수 없을 때 뭔가 실망하시는 게 느껴진다\""고 했습니다. 처음 들었을 때 솔직히 불편했습니다. 내가 기대치를 높게 요구하는 건 당연한 거 아닌가, 하는 생각이 들었거든요."", ""probing_questions"": [""그 피드백이 내용 때문에 불편했습니까, 아니면 전달 방식 때문이었습니까?""], ""probing_answers"": [""내용이었습니다. 전달은 오히려 용감하게 잘 해줬다고 생각했어요. 내용을 듣고 나서 '내 조급함이 구성원에게 어떻게 보이는지'를 처음으로 구성원 시각에서 생각하게 됐습니다. 그 이후로 새 아이디어를 제시할 때 마지막에 '이건 당장 해야 한다는 게 아니라 같이 생각해보고 싶다는 거다'는 문장을 의식적으로 붙이기 시작했습니다.""], ""tagged_variables"": [""V07""]}"
,AI_Q_A,8,역량,역량 지표,Integrity,ai_interview_q08,인터뷰 Q08 (Integrity),"위치기반 광고 규제 선제 협의, AI 거버넌스 위원회 신설, 로엔 아티스트 독립성 계약 명문화 등 원칙을 사전 구조화하는 방식을 보여주셨습니다. 성과와 원칙이 충돌할 때 본인의 기준선은 어디입니까?",text,text_long,,,Y,Y,"{""question_id"": ""Q08"", ""part"": ""Part 1 · 역량 지표"", ""question_type"": ""맞춤"", ""source_ref"": ""에세이 역량 지표 · Integrity"", ""answer_text"": ""저는 '이 결정을 공개했을 때 구성원이 납득할 수 있는가'를 기준으로 씁니다. 단기 수치는 좋아도 설명하기 어려운 결정이라면 안 한다는 원칙입니다. 위치기반 광고도 법적으로는 할 수 있는 상황이었지만, '동의 없이 위치를 쓴다'는 게 고객에게 어떻게 보일지 먼저 생각했습니다. 그래서 규제보다 먼저 가이드라인을 만든 거고요."", ""probing_questions"": [""실제로 그 기준선을 지켜서 단기 성과를 포기한 경험이 있으십니까?"", ""그 결정에 대해 조직 내부에서 반응은 어땠습니까?""], ""probing_answers"": [""있습니다. T-Ad 플랫폼 초기에 한 대형 유통사가 '동의 없이 수집된 구매이력 데이터를 광고 타겟팅에 쓰게 해달라'고 요청했습니다. 당시 연간 계약 규모가 100억 원 이상이었어요. 저는 거절했습니다. 팀에서는 '이 정도면 법적으로 회색지대인데'라는 의견도 있었지만, 저는 그 회색지대를 밟으면 나중에 훨씬 비싼 값을 치른다고 봤습니다. 결국 그 고객사는 다른 방식의 계약으로 들어왔고, 장기적으로는 더 좋은 파트너 관계가 됐습니다."", ""처음엔 반발이 좀 있었습니다. '영업팀이 6개월 공들인 계약인데'라는 이야기가 나왔어요. 저는 그 자리에서 왜 거절했는지를 팀 전체에 직접 설명했습니다. 그리고 비슷한 상황이 생기면 같은 기준으로 판단하겠다고 했습니다. 이후에는 팀 스스로 '이 제안은 우리 기준에 맞지 않는다'는 판단을 먼저 하는 문화가 조금씩 생겼습니다.""], ""tagged_variables"": [""V08""]}"
,AI_Q_A,9,역량,역량 지표,비전 명확성,ai_interview_q09,인터뷰 Q09 (비전 명확성),AI Native Telecom으로의 전환을 통해 산업의 의사결정 품질을 높이는 기업을 만드는 것이라는 구체적인 방향성을 제시하셨습니다. 그 비전을 5년 안에 검증할 수 있는 지표 하나를 말씀해주세요.,text,text_long,,,Y,Y,"{""question_id"": ""Q09"", ""part"": ""Part 1 · 역량 지표"", ""question_type"": ""맞춤"", ""source_ref"": ""에세이 역량 지표 · 비전 명확성"", ""answer_text"": ""'임원 의사결정에서 AI 보조 분석이 최종 결정에 반영되는 비율'입니다. 수치로는 5년 안에 전략적 의사결정의 70% 이상이 AI가 제공한 분석을 실질적으로 활용해 내려지는 상태를 목표로 봅니다. 단순히 AI 도구를 쓰는 게 아니라, AI가 제시한 데이터가 최종 결정을 바꿨는지를 추적하는 겁니다."", ""probing_questions"": [""현재 그 지표는 얼마나 도달했습니까?""], ""probing_answers"": [""지금은 약 30% 수준으로 추산합니다. AI가 초안을 작성하거나 분석을 돕는 건 많이 됐는데, 그 결과가 실제 결정을 바꾼 사례를 추적하는 시스템이 아직 완전하지 않습니다. 그 추적 체계를 만드는 것 자체가 지금 저의 다음 과제입니다.""], ""tagged_variables"": [""V09""]}"
,AI_Q_A,10,"역량, 자질",고정 질문,리더십 가치 (중요한 것),ai_interview_f01,인터뷰 F01 (리더십 가치 (중요한 것)),리더로서 당신에게 가장 중요한 것은 무엇입니까? 그리고 왜 그것입니까?,text,text_long,,,Y,,"{""question_id"": ""F01"", ""part"": ""Part 2 · 고정 질문"", ""question_type"": ""범용"", ""source_ref"": """", ""answer_text"": ""'다음 판단을 맡길 수 있는 사람을 키우는 것'입니다. 저 혼자 좋은 결정을 내리는 리더보다, 제가 없을 때도 팀이 좋은 결정을 내리는 구조를 만드는 게 더 중요하다고 생각합니다. 베트남 위기 때 제가 72시간 안에 시나리오를 만들 수 있었던 건, 그 전에 CFO와 함께 수십 번 시나리오 훈련을 했기 때문입니다. 결국 리더십은 위임 가능한 판단 능력을 복제하는 일이라고 봅니다."", ""probing_questions"": [], ""probing_answers"": [], ""tagged_variables"": [""FG01""]}"
,AI_Q_A,11,"역량, 자질",고정 질문,스트레스 시 행동,ai_interview_f02,인터뷰 F02 (스트레스 시 행동),가장 큰 스트레스 상황에서 당신은 어떤 사람이 됩니까? 평소의 자신과 무엇이 달라집니까?,text,text_long,,,Y,,"{""question_id"": ""F02"", ""part"": ""Part 2 · 고정 질문"", ""question_type"": ""범용"", ""source_ref"": """", ""answer_text"": ""말수가 줄고 속도가 빨라집니다. 평소엔 팀의 의견을 많이 듣는 편인데, 스트레스가 심할 땐 내 판단을 먼저 내리고 그 다음에 설명하는 방식으로 바뀝니다. 베트남 위기 때가 그랬습니다. 팀원들이 '오늘 부사장님 갑자기 지시가 많아졌는데 왜 그런지 모르겠다'고 느꼈을 겁니다. 나중에 그 상황을 팀에 설명했을 때 '그때 왜 그러셨는지 이해가 됐다'는 반응이 있었습니다."", ""probing_questions"": [], ""probing_answers"": [], ""tagged_variables"": [""FG02""]}"
,AI_Q_A,12,"역량, 자질",고정 질문,팀원 시각 한마디,ai_interview_f03,인터뷰 F03 (팀원 시각 한마디),"밑에서 일하는 사람이 당신에 대해 솔직하게 한마디 한다면, 뭐라고 할 것 같습니까?",text,text_long,,,Y,,"{""question_id"": ""F03"", ""part"": ""Part 2 · 고정 질문"", ""question_type"": ""범용"", ""source_ref"": """", ""answer_text"": ""\""같이 일하면 성장하는데, 따라가기 벅차다.\"" 이게 가장 솔직한 한마디가 아닐까 싶습니다. 좋게 말하면 높은 기대치이고, 나쁘게 말하면 속도 조급함이죠. 그 부분은 디지털이노베이션센터 팀장한테 받은 피드백과도 맞닿아 있습니다."", ""probing_questions"": [], ""probing_answers"": [], ""tagged_variables"": [""FG03""]}"
,AI_Q_A,13,"역량, 자질",고정 질문,CEO 의미,ai_interview_f04,인터뷰 F04 (CEO 의미),"CEO라는 자리가 본인에게 어떤 의미입니까? 역할이나 책임과 별개로, 그 자리에 있는 사람으로서 자신을 어떻게 상상하십니까?",text,text_long,,,Y,,"{""question_id"": ""F04"", ""part"": ""Part 2 · 고정 질문"", ""question_type"": ""범용"", ""source_ref"": """", ""answer_text"": ""'조직의 가장 긴 시간 축을 책임지는 사람'이라고 생각합니다. 본부장은 3년, 임원은 5년을 봅니다. CEO는 10년 이상의 판단을 지금 내리는 사람이에요. 그 자리에 있는 저를 상상하면, 지금 하는 AI 전환이 10년 후 회사가 어떤 모습이어야 하는지를 역산해서 지금 무엇을 심어야 하는지를 결정하는 사람으로 보입니다."", ""probing_questions"": [], ""probing_answers"": [], ""tagged_variables"": [""FG04""]}"
,AI_Q_A,14,"역량, 자질",고정 질문,CEO가 포기할 것,ai_interview_f05,인터뷰 F05 (CEO가 포기할 것),CEO가 되면 가장 먼저 포기해야 할 것은 무엇이라 생각하십니까? 그리고 그것을 포기할 준비가 되어 있습니까?,text,text_long,,,Y,,"{""question_id"": ""F05"", ""part"": ""Part 2 · 고정 질문"", ""question_type"": ""범용"", ""source_ref"": """", ""answer_text"": ""'내가 직접 실행하는 쾌감'입니다. 저는 사실 현장에서 직접 문제를 풀 때 가장 에너지가 납니다. 베트남 위기 때처럼 직접 협상 테이블에 앉는 것, 그게 저한테는 가장 살아있는 느낌이거든요. CEO가 되면 그 역할을 팀에 넘기고 저는 판을 짜는 사람이 돼야 합니다. 준비가 됐냐고 물으신다면, 지적으로는 됐고 감정적으로는 아직 연습 중입니다. 그 솔직한 대답이 정답에 가장 가깝다고 생각합니다."", ""probing_questions"": [], ""probing_answers"": [], ""tagged_variables"": [""FG05""]}"
,AI_Q_A,15,자질,리더십 리스크 지표,나르시즘,ai_interview_q10,인터뷰 Q10 (나르시즘),"본인과 의견이 다른 부하직원이 강하게 반대할 때, 보통 어떻게 하십니까?",text,text_long,,,Y,,"{""question_id"": ""Q10"", ""part"": ""Part 3 · 리더십 리스크 지표"", ""question_type"": ""범용"", ""source_ref"": """", ""answer_text"": ""먼저 왜 반대하는지 들으려고 합니다. 반대가 데이터 기반인지 직관인지에 따라 대응이 달라지는데, 데이터가 있으면 그 자리에서 같이 분석하고, 직관이면 '그 직관의 근거가 뭔지'를 더 물어봅니다. 결론이 다를 때는 제 판단대로 결정하기도 하는데, 그 경우에는 왜 그 결정을 내렸는지 반드시 설명합니다."", ""probing_questions"": [""구체적으로 기억나는 사례가 있으십니까?"", ""그 반대 의견에서 배운 점이 있었습니까?""], ""probing_answers"": [""5G B2B 특화망 사업을 별도 유닛으로 분리할 때, 영업 담당 이사가 강하게 반대했습니다. \""B2B 영업은 시간이 걸리는데 지금 분리하면 내부 자원 낭비다\""라는 논리였습니다. 저는 그 의견의 절반은 맞다고 했습니다. 시간이 걸리는 건 사실이니까요. 그러나 B2C와 같은 조직에 묶여 있으면 장기 투자가 단기 성과에 밀릴 거라는 판단을 설명했고, 결국 분리로 결정했습니다. 그 이사가 나중에 B2B 유닛 리더 중 한 명이 됐습니다."", ""있었습니다. 분리 시점을 3개월 더 준비 기간을 두고 진행하는 것으로 조정했습니다. 그 이사가 지적한 '자원 낭비' 우려가 전혀 근거 없는 건 아니었거든요. 결정의 방향은 유지했지만 타이밍은 그 피드백을 반영했습니다.""], ""tagged_variables"": [""V10""]}"
,AI_Q_A,16,자질,리더십 리스크 지표,타인조작,ai_interview_q11,인터뷰 Q11 (타인조작),"팀 프로젝트가 실패했을 때, 본인의 책임과 타인의 책임을 어떻게 나누어 생각하십니까?",text,text_long,,,Y,,"{""question_id"": ""Q11"", ""part"": ""Part 3 · 리더십 리스크 지표"", ""question_type"": ""범용"", ""source_ref"": """", ""answer_text"": ""저는 실패의 원인을 크게 두 가지로 봅니다. 구조 문제와 실행 문제입니다. 구조 문제, 즉 목표 설정이나 자원 배분이 잘못된 건 제 책임입니다. 실행 문제는 팀과 함께 봐야 하는데, 그것도 팀원에게 충분한 권한과 정보가 있었는지를 먼저 확인합니다. 없었다면 역시 제 책임입니다."", ""probing_questions"": [""실제로 실패한 프로젝트가 있다면, 팀원들은 그 상황을 어떻게 인식했을 것 같습니까?""], ""probing_answers"": [""디지털이노베이션센터에서 출시한 서비스 중 하나가 6개월 만에 MAU가 목표의 30% 수준에 그쳤습니다. 팀원들 입장에서는 제가 목표를 너무 높게 설정했다고 느꼈을 것 같습니다. 실제로 그 팀 PM이 나중에 '처음 목표치가 너무 공격적이어서 중간에 방향을 바꾸기 어려웠다'고 했습니다. 저는 그 말을 듣고, 분기마다 목표를 재검토하는 체크인을 넣는 방식으로 바꿨습니다.""], ""tagged_variables"": [""V11""]}"
,AI_Q_A,17,자질,리더십 리스크 지표,미시적 관리,ai_interview_q12,인터뷰 Q12 (미시적 관리),대리점 채널 저항을 '데이터 공유 파트너십'으로 전환한 방식에서 위임과 개입의 경계 설정 방식을 보여주셨습니다. 부하직원이 본인과 다른 방식으로 처리할 때 어느 시점에 개입하십니까?,text,text_long,,,Y,Y,"{""question_id"": ""Q12"", ""part"": ""Part 3 · 리더십 리스크 지표"", ""question_type"": ""맞춤"", ""source_ref"": ""에세이 리스크/실행 맥락 · 대리점 채널 사례"", ""answer_text"": ""결과물 기준으로 개입합니다. 프로세스가 다르더라도 결과물의 품질 기준을 충족하면 개입하지 않습니다. 개입 시점은 두 가지입니다. 하나는 결과물이 기준에 미치지 못할 때, 다른 하나는 팀원이 스스로 막혔다고 신호를 줄 때입니다. 두 번째가 더 중요한데, 신호를 주기 쉬운 환경을 만드는 게 리더의 일이라고 생각합니다."", ""probing_questions"": [""그 기준이 팀원에게 명확하게 전달됩니까?""], ""probing_answers"": [""완벽하진 않습니다. 처음 팀을 맡을 때마다 '나는 어떤 상황에서 들어온다'를 명시적으로 이야기하는데, 막상 실제 상황이 되면 그 경계가 흐릿해지는 경우가 있습니다. 특히 AI 도입처럼 제가 직접 관심이 많은 영역에서는 과잉 관여가 될 수 있다는 걸 의식적으로 경계합니다.""], ""tagged_variables"": [""V12""]}"
,AI_Q_A,18,자질,리더십 리스크 지표,공격성,ai_interview_q13,인터뷰 Q13 (공격성),"본인이 화가 났을 때, 주변 사람들은 그걸 어떻게 알 수 있습니까?",text,text_long,,,Y,,"{""question_id"": ""Q13"", ""part"": ""Part 3 · 리더십 리스크 지표"", ""question_type"": ""범용"", ""source_ref"": """", ""answer_text"": ""말이 짧아집니다. 평소에 질문을 많이 하는데, 화가 나면 지시형 문장이 늘어납니다. 그리고 회의 중에 몸이 앞으로 기울고 테이블에 손을 올립니다. 팀에서는 그 신호를 꽤 잘 읽더라고요. 한 팀원이 '부사장님 테이블에 손 올리면 조심해야 한다'는 말을 다른 팀원에게 한다는 걸 나중에 들었습니다."", ""probing_questions"": [""화가 난 상태에서 내린 결정 중 후회한 것이 있습니까?""], ""probing_answers"": [""있습니다. 베트남 위기 초기에 현지 법무팀장을 너무 거칠게 다그쳤습니다. 계약서 검토가 느리다고 생각해서 직접 모든 걸 챙기기 시작했는데, 나중에 보니 그 팀장이 이미 제가 요청하기 전에 핵심 포인트를 정리해 두고 있었습니다. 제가 신뢰하지 않는다는 신호를 준 거죠. 그 이후에 따로 사과했습니다.""], ""tagged_variables"": [""V13""]}"
,AI_Q_A,19,자질,리더십 리스크 지표,수동 공격성,ai_interview_q14,인터뷰 Q14 (수동 공격성),"조직의 결정에 동의하지 않을 때, 불만을 어떻게 표현하십니까?",text,text_long,,,Y,,"{""question_id"": ""Q14"", ""part"": ""Part 3 · 리더십 리스크 지표"", ""question_type"": ""범용"", ""source_ref"": """", ""answer_text"": ""결정권자에게 직접 말합니다. 회의 자리가 아니라, 따로 만나서 '이 결정에 대해 우려가 있다'고 말하는 방식을 선호합니다. 공개 자리에서 반대하면 결정한 사람이 방어적이 되기 때문에 오히려 설득이 어렵습니다. 한 번 직접 의견을 전달하고 나면, 그 결정이 유지되더라도 저는 그 결정을 따릅니다."", ""probing_questions"": [""그 방식이 팀에는 어떤 영향을 줬습니까?""], ""probing_answers"": [""긍정적인 면과 부정적인 면이 있었습니다. 긍정적으로는 팀 내에 '이견을 직접 말해도 된다'는 문화가 생겼습니다. 부정적으로는, 제가 결정권자에게 직접 말하는 방식이 때로는 팀 내에서 '부사장이 윗선에 먼저 이야기했다'는 오해를 줄 수 있었습니다. 그 부분은 팀원들과 소통 방식을 맞추는 노력이 필요했습니다.""], ""tagged_variables"": [""V14""]}"
,AI_Q_A,20,자질,리더십 리스크 지표,냉담성,ai_interview_q15,인터뷰 Q15 (냉담성),구성원 불안을 직접 언급하고 사례 공유로 해소한 방식에서 팀원을 대하는 태도를 엿볼 수 있었습니다. 성과가 떨어지는 팀원을 역량 문제와 개인 사정으로 어떻게 구분하십니까?,text,text_long,,,Y,Y,"{""question_id"": ""Q15"", ""part"": ""Part 3 · 리더십 리스크 지표"", ""question_type"": ""맞춤"", ""source_ref"": ""에세이 리스크 맥락 · 구성원 불안/사례 공유"", ""answer_text"": ""성과 추이와 대화를 같이 봅니다. 갑자기 성과가 떨어졌다면 개인 사정이 있을 가능성이 높고, 처음부터 낮거나 기복이 심하면 역량 이슈를 의심합니다. 그리고 반드시 1:1 면담을 합니다. 그 자리에서 직접 물어봅니다. '요즘 어떻습니까, 업무 외에 어려운 게 있습니까'라고요."", ""probing_questions"": [""역량 문제로 결론을 낸 경우가 있었다면, 그 팀원에게 어떤 지원을 제공하셨고 최종적으로 어떻게 됐습니까?""], ""probing_answers"": [""디지털이노베이션센터에 영입한 외부 인재 중 한 명이 스타트업 방식에는 익숙한데 대기업 내부 이해관계자 관리를 전혀 못 하는 경우가 있었습니다. 역량이 없는 게 아니라 역량의 범위가 달랐어요. 저는 그 팀원에게 내부 조율 경험이 많은 시니어 매니저를 페어로 붙였습니다. 6개월 후 그 팀원은 자립적으로 이해관계자 관리를 하게 됐고, 이후 팀 내에서 가장 성과가 높은 프로덕트 오너 중 한 명이 됐습니다.""], ""tagged_variables"": [""V15""]}"
,AI_Q_A,21,자질,리더십 리스크 지표,과도한 야망,ai_interview_q16,인터뷰 Q16 (과도한 야망),'실행 속도에 대한 조급함'을 리더십 리스크로 자인하신 부분이 인상적이었습니다. 지금 자리보다 더 높은 역할을 원하십니까? 왜 그렇습니까?,text,text_long,,,Y,Y,"{""question_id"": ""Q16"", ""part"": ""Part 3 · 리더십 리스크 지표"", ""question_type"": ""맞춤"", ""source_ref"": ""에세이 · 조급함 리스크 자인"", ""answer_text"": ""원합니다. 이유는 지금 하는 AI 전환 프로젝트의 완성을 보고 싶기 때문입니다. AI 혁신추진단장 역할로는 전사 방향성을 제안하는 건 할 수 있지만, 조직 구조나 사업 포트폴리오를 바꾸는 결정은 CEO 레벨에서 나와야 합니다. 더 높은 역할을 원하는 건 지위 때문이 아니라, 지금 시작한 변화를 완성할 수 있는 결정 권한이 필요하기 때문입니다."", ""probing_questions"": [], ""probing_answers"": [], ""tagged_variables"": [""V16""]}"
,AI_Q_A,22,자질,리더십 리스크 지표,자기인식 정확도,ai_interview_q17,인터뷰 Q17 (자기인식 정확도),베트남 위기 원인을 본인 오류로 귀인하고 속도 조급함을 규율로 삼아온 과정을 솔직하게 공유해주셨습니다. 주변 사람들도 본인과 같은 강점과 약점을 꼽을 것 같습니까?,text,text_long,,,Y,Y,"{""question_id"": ""Q17"", ""part"": ""Part 3 · 리더십 리스크 지표"", ""question_type"": ""맞춤"", ""source_ref"": ""에세이 · 베트남 위기 귀인·자기인식"", ""answer_text"": ""강점은 아마 비슷하게 꼽을 것 같습니다. 복잡한 상황에서 빠르게 구조를 잡는다는 건 팀에서도 알아주는 것 같습니다. 약점, 즉 조급함에 대해서는 제가 인식하는 것보다 더 크게 보고 있을 것 같습니다. 저는 스스로 많이 나아졌다고 생각하는데, 주변은 여전히 그 패턴을 느끼고 있을 가능성이 높습니다."", ""probing_questions"": [""그 간극을 인식하게 된 계기가 있었습니까?""], ""probing_answers"": [""디지털이노베이션센터에서 360도 피드백을 받았을 때입니다. 제가 리더십 리스크로 꼽은 조급함을 팀원의 80%가 똑같이 꼽았습니다. 나는 많이 나아졌다고 생각했는데, 팀에선 아직 그 특성이 살아있다고 보고 있었습니다. 그 결과를 보고 나서 '내 자기인식과 타인의 인식 사이에 시차가 있다'는 걸 처음으로 구체적으로 느꼈습니다.""], ""tagged_variables"": [""V17""]}"
,AI_Q_A,23,자질,리더십 리스크 지표,피드백 수용성,ai_interview_q18,인터뷰 Q18 (피드백 수용성),"현지 파트너 실사 생략이라는 실수를 이후 글로벌 사업 프로세스에 내재화한 학습 사이클을 보여주셨습니다. 최근 받은 피드백 중 가장 듣기 싫었던 것은 무엇이고, 그것을 어떻게 처리하셨습니까?",text,text_long,,,Y,Y,"{""question_id"": ""Q18"", ""part"": ""Part 3 · 리더십 리스크 지표"", ""question_type"": ""맞춤"", ""source_ref"": ""에세이 · 현지 파트너 실사·글로벌 프로세스"", ""answer_text"": ""최근에 AI 전환 속도를 너무 높게 잡은 것 아니냐는 피드백을 CFO로부터 받았습니다. \""ROI가 명확하지 않은 투자를 계속 밀어붙이고 있다\""는 내용이었습니다. 솔직히 처음엔 불편했습니다. 저는 ROI 추정치를 충분히 제시했다고 생각했거든요."", ""probing_questions"": [""처음 들었을 때 감정이 어땠는지 좀 더 말씀해주시겠습니까?""], ""probing_answers"": [""방어적이었습니다. '저 숫자는 어디서 나온 거지, 제대로 봤나'는 생각이 먼저 들었습니다. 그날 저녁에 혼자 ROI 자료를 다시 봤는데, CFO가 지적한 부분이 실제로 추정 방식의 약점이었습니다. 다음 날 CFO에게 '어제 자료에서 이 부분이 취약했다, 보완해서 다시 가져오겠다'고 먼저 연락했습니다. 그게 저한테는 패턴이 됐습니다. 처음 반응은 방어적이더라도, 하루 안에 다시 보는 것.""], ""tagged_variables"": [""V18""]}"
,AI_Q_A,24,자질,리더십 리스크 지표,성장 의지,ai_interview_q19,인터뷰 Q19 (성장 의지),"AI 전환 주도 속에서 스스로도 AI 기반 의사결정으로 일하는 방식을 바꾸고 있음을 강조하셨습니다. 오늘 대화에서 본인이 가장 보완해야 할 역량 하나를 꼽는다면 무엇이고, 구체적인 개발 계획은 있습니까?",text,text_long,,,Y,Y,"{""question_id"": ""Q19"", ""part"": ""Part 3 · 리더십 리스크 지표"", ""question_type"": ""맞춤"", ""source_ref"": ""에세이 · AI 전환·의사결정 방식"", ""answer_text"": ""오늘 대화 전반에 걸쳐 느낀 건 '조직 감수성'입니다. 전략이나 실행보다, 조직이 어떻게 느끼고 있는지를 읽는 데 저는 아직 한 박자 느립니다. 구체적 계획은, 매주 팀원 한 명과 업무와 무관한 30분 대화를 하는 것을 지금 실행 중입니다. 시작한 지 두 달이 됐는데, 이미 제가 몰랐던 팀 내 긴장 관계를 두 건 파악했습니다."", ""probing_questions"": [""그 루틴이 실제로 지속되고 있습니까?""], ""probing_answers"": [""지금까지는 한 번도 빠진 적 없습니다. 일정이 바빠도 30분은 지킬 수 있다고 스스로 규칙을 세웠습니다. 다만 앞으로도 유지될지는 솔직히 모르겠습니다. 중요한 건 알지만, 바빠질수록 구조화되지 않은 대화는 먼저 밀리는 경향이 있어서요.""], ""tagged_variables"": [""V19""]}"
,AI_Q_A,25,자질,리더십 리스크 지표,포지션 fit,ai_interview_q20,인터뷰 Q20 (포지션 fit),"통신 기반 사업 운영에서 글로벌 법인장, 벤처 투자, AI 전환 주도까지 C레벨 사업총괄에 요구되는 전략·운영·글로벌·AI 역량을 고루 축적한 경력 궤적을 보여주셨습니다. 지금보다 한 단계 위 역할을 맡는다면 가장 먼저 부딪힐 도전은 무엇이라 생각하십니까?",text,text_long,,,Y,Y,"{""question_id"": ""Q20"", ""part"": ""Part 3 · 리더십 리스크 지표"", ""question_type"": ""맞춤"", ""source_ref"": ""에세이 · 경력 궤적·C레벨 fit"", ""answer_text"": ""'이사회와의 커뮤니케이션'입니다. 저는 지금까지 이사회에 보고하는 임원으로 일했지, 이사회와 전략을 함께 설계하는 경험은 없습니다. CEO는 이사회와의 신뢰를 먼저 쌓아야 하는데, 그 관계를 어떻게 만드는지에 대한 경험이 가장 부족합니다."", ""probing_questions"": [""그 도전을 어떻게 돌파할 준비를 하고 계십니까?""], ""probing_answers"": [""두 가지입니다. 하나는 현재 이사회 보고 기회가 있을 때마다 단순 보고가 아니라 이사들의 질문 패턴과 관심사를 분석하는 연습을 하고 있습니다. 다른 하나는 다른 회사 CEO들과 정기적으로 만나는 네트워크를 만들었습니다. 이사회 관계를 어떻게 설계했는지 직접 듣는 게 가장 빠른 학습이라고 생각하기 때문입니다.""], ""tagged_variables"": [""V20""]}"
